City,1st_close,2st_close,3st_close,4st_close,5st_close
acreuna-GO,mafra-SC,sao bento do sul-SC,guaxupe-MG,pato branco-PR,xaxim-SC
adamantina-SP,birigui-SP,presidente prudente-SP,sao jose do rio preto-SP,ituverava-SP,bebedouro-SP
agudos-SP,hortolandia-SP,sumare-SP,marilia-SP,pederneiras-SP,mogi guacu-SP
alexania-GO,pomerode-SC,itapoa-SC,dionisio cerqueira-SC,primavera do leste-MT,aracruz-ES
alfenas-MG,tres coracoes-MG,palhoca-SC,novo hamburgo-RS,cambe-PR,pouso alegre-MG
altamira-PA,senador canedo-GO,maracanau-CE,itumbiara-GO,porto velho-RO,tucurui-PA
americana-SP,pindamonhangaba-SP,caraguatatuba-SP,botucatu-SP,araraquara-SP,mogi das cruzes-SP
amparo-SP,novo horizonte-SP,aparecida-SP,rio claro-SP,sertaozinho-SP,sao carlos-SP
ampere-PR,veranopolis-RS,concordia-SC,medianeira-PR,cabedelo-PB,encantado-RS
anapolis-GO,palmas-TO,aracaju-SE,vila velha-ES,varzea grande-MT,natal-RN
andradina-SP,araras-SP,registro-SP,jaboticabal-SP,itu-SP,araraquara-SP
angelica-MS,piuma-ES,queimados-RJ,rio bonito-RJ,itaberai-GO,sao jose dos pinhais-PR
angra dos reis-RJ,nova friburgo-RJ,navegantes-SC,itajuba-MG,serra-ES,tubarao-SC
aparecida-SP,novo horizonte-SP,amparo-SP,rio claro-SP,sertaozinho-SP,sao carlos-SP
aparecida do taboado-MS,lucas do rio verde-MT,vilhena-RO,rio verde-GO,linhares-ES,jaciara-MT
aracaju-SE,vila velha-ES,natal-RN,palmas-TO,anapolis-GO,mossoro-RN
aracatuba-SP,barretos-SP,birigui-SP,sao jose do rio preto-SP,assis-SP,presidente prudente-SP
aracruz-ES,primavera do leste-MT,dourados-MS,ponta pora-MS,tres lagoas-MS,catalao-GO
araguari-MG,irati-PR,vacaria-RS,tres coracoes-MG,santa vitoria do palmar-RS,cachoeira do sul-RS
arapongas-PR,ibipora-PR,indaial-SC,arcos-MG,sao francisco do sul-SC,colatina-ES
araquari-SC,conceicao do mato dentro-MG,varginha-MG,chopinzinho-PR,mandaguari-PR,tres rios-RJ
araraquara-SP,itu-SP,indaiatuba-SP,mogi das cruzes-SP,caraguatatuba-SP,pindamonhangaba-SP
araras-SP,registro-SP,jaboticabal-SP,andradina-SP,tatui-SP,araraquara-SP
araucaria-PR,montenegro-RS,pato branco-PR,guaxupe-MG,venancio aires-RS,santo angelo-RS
araxa-MG,marica-RJ,saquarema-RJ,gravatai-RS,imbituba-SC,seropedica-RJ
arcos-MG,ibipora-PR,indaial-SC,sao francisco do sul-SC,itajuba-MG,canoinhas-SC
aruja-SP,guaratingueta-SP,mirassol-SP,botucatu-SP,americana-SP,presidente epitacio-SP
assis-SP,ourinhos-SP,bauru-SP,presidente prudente-SP,itapetininga-SP,birigui-SP
assis chateaubriand-PR,castro-PR,marechal candido rondon-PR,mafra-SC,vacaria-RS,umuarama-PR
atibaia-SP,sao joao da boa vista-SP,pedreira-SP,itu-SP,sao roque-SP,pindamonhangaba-SP
avare-SP,sao joao da boa vista-SP,diadema-SP,olimpia-SP,boituva-SP,braganca paulista-SP
balneario camboriu-SC,lages-SC,joinville-SC,foz do iguacu-PR,chapeco-SC,ponta grossa-PR
balsas-MA,mineiros-GO,sinop-MT,cornelio procopio-PR,camaqua-RS,gaspar-SC
barcarena-PA,altamira-PA,palmas-TO,anapolis-GO,aracaju-SE,vila velha-ES
barra bonita-SP,paraguacu paulista-SP,guaratingueta-SP,aruja-SP,mococa-SP,espirito santo do pinhal-SP
barra do bugres-MT,paranaiba-MS,itaberai-GO,jatai-GO,gurupi-TO,pimenta bueno-RO
barra do garcas-MT,nova andradina-MS,maraba-PA,tangara da serra-MT,jatai-GO,rio verde-GO
barra mansa-RJ,sao leopoldo-RS,volta redonda-RJ,capao da canoa-RS,canoas-RS,juiz de fora-MG
barretos-SP,aracatuba-SP,birigui-SP,sao jose do rio preto-SP,presidente prudente-SP,ourinhos-SP
barueri-SP,vinhedo-SP,sao caetano do sul-SP,cajamar-SP,osasco-SP,jundiai-SP
batatais-SP,olimpia-SP,varzea paulista-SP,salto-SP,dracena-SP,jaboticabal-SP
bauru-SP,assis-SP,ourinhos-SP,sao jose do rio preto-SP,americana-SP,sorocaba-SP
bebedouro-SP,braganca paulista-SP,franca-SP,nova odessa-SP,marilia-SP,jaboticabal-SP
belo horizonte-MG,porto alegre-RS,uberlandia-MG,goiania-GO,caxias do sul-RS,juiz de fora-MG
bento goncalves-RS,carazinho-RS,curitibanos-SC,montenegro-RS,guaxupe-MG,ijui-RS
bertioga-SP,santa fe do sul-SP,pitangueiras-SP,sao joaquim da barra-SP,guaira-SP,vargem grande paulista-SP
betim-MG,contagem-MG,ouro preto-MG,uberaba-MG,cambe-PR,palhoca-SC
biguacu-SC,timbo-SC,pouso alegre-MG,igrejinha-RS,tres coracoes-MG,varginha-MG
birigui-SP,mirassol-SP,sao jose do rio preto-SP,barretos-SP,assis-SP,presidente prudente-SP
blumenau-SC,caxias do sul-RS,jaragua do sul-SC,florianopolis-SC,joinville-SC,volta redonda-RJ
boa vista-RR,dourados-MS,corumba-MS,coxim-MS,gurupi-TO,palmas-TO
boituva-SP,sao joao da boa vista-SP,atibaia-SP,itu-SP,salto-SP,pirassununga-SP
bom jesus de goias-GO,pinhao-PR,assis chateaubriand-PR,castro-PR,francisco beltrao-PR,pomerode-SC
botucatu-SP,registro-SP,mairinque-SP,americana-SP,araraquara-SP,araras-SP
braganca paulista-SP,mogi das cruzes-SP,bebedouro-SP,pindamonhangaba-SP,caraguatatuba-SP,americana-SP
brasilia-DF,goiania-GO,manaus-AM,curitiba-PR,belo horizonte-MG,rio de janeiro-RJ
brusque-SC,cornelio procopio-PR,lages-SC,tubarao-SC,rio do sul-SC,balneario camboriu-SC
buritis-MG,viana-ES,navirai-MS,nova andradina-MS,jatai-GO,santa helena de goias-GO
cabedelo-PB,encantado-RS,sao miguel do oeste-SC,linhares-ES,fraiburgo-SC,itaqui-RS
cabo de santo agostinho-PE,ourilandia do norte-PA,marica-RJ,estancia velha-RS,saquarema-RJ,araxa-MG
cabo frio-RJ,itajai-SC,petropolis-RJ,marica-RJ,macae-RJ,congonhas-MG
cabreuva-SP,hortolandia-SP,salto-SP,boituva-SP,piracicaba-SP,registro-SP
cacador-SC,rio do sul-SC,xanxere-SC,brusque-SC,araucaria-PR,mafra-SC
cacapava-SP,jacarei-SP,pindamonhangaba-SP,americana-SP,mairinque-SP,sao joao da boa vista-SP
cachoeira do sul-RS,farroupilha-RS,santa rosa-RS,ijui-RS,patos de minas-MG,venancio aires-RS
cachoeirinha-RS,santa maria-RS,morrinhos-GO,toledo-PR,cascavel-PR,planura-MG
cachoeiro de itapemirim-ES,vila velha-ES,mossoro-RN,vitoria-ES,aracaju-SE,serra-ES
caiaponia-GO,coxim-MS,itaberai-GO,rio bonito-RJ,barra do bugres-MT,dom pedrito-RS
caieiras-SP,jandira-SP,taboao da serra-SP,olimpia-SP,batatais-SP,sao bernardo do campo-SP
cajamar-SP,osasco-SP,sao bernardo do campo-SP,sao caetano do sul-SP,nova odessa-SP,poa-SP
caldas novas-GO,dourados-MS,goiatuba-GO,catalao-GO,biguacu-SC,ijui-RS
camacari-BA,duque de caxias-RJ,marica-RJ,gravatai-RS,macae-RJ,itaborai-RJ
camaqua-RS,mineiros-GO,campo bom-RS,gaspar-SC,patrocinio-MG,cornelio procopio-PR
cambe-PR,palhoca-SC,itabira-MG,ipatinga-MG,sapiranga-RS,contagem-MG
campina grande do sul-PR,estancia velha-RS,itaborai-RJ,itaguai-RJ,marica-RJ,saquarema-RJ
campina verde-MG,planura-MG,toledo-PR,santa maria-RS,cachoeirinha-RS,lajeado-RS
campinas-SP,ribeirao preto-SP,sorocaba-SP,sao jose dos campos-SP,piracicaba-SP,mogi das cruzes-SP
campo bom-RS,cornelio procopio-PR,cruz alta-RS,gaspar-SC,lages-SC,tubarao-SC
campo grande-MS,morrinhos-GO,santa maria-RS,cachoeirinha-RS,cascavel-PR,toledo-PR
campo mourao-PR,guarapuava-PR,umuarama-PR,santo angelo-RS,paracatu-MG,videira-SC
campos dos goytacazes-RJ,macae-RJ,itajai-SC,nova lima-MG,rio das ostras-RJ,ouro preto-MG
cananeia-SP,mogi guacu-SP,santa cruz do rio pardo-SP,jaboticabal-SP,monte alto-SP,hortolandia-SP
canoas-RS,volta redonda-RJ,novo hamburgo-RS,sao jose-SC,rio grande-RS,barra mansa-RJ
canoinhas-SC,itajuba-MG,patrocinio-MG,paranavai-PR,lages-SC,tubarao-SC
capao da canoa-RS,barra mansa-RJ,sao leopoldo-RS,volta redonda-RJ,guaiba-RS,canoas-RS
capivari-SP,santa cruz do rio pardo-SP,braganca paulista-SP,jaboticabal-SP,pedreira-SP,batatais-SP
caraguatatuba-SP,mogi das cruzes-SP,pindamonhangaba-SP,araraquara-SP,tatui-SP,sao roque-SP
carazinho-RS,itauna-MG,erechim-RS,tres coracoes-MG,rio grande-RS,passo fundo-RS
cascavel-PR,toledo-PR,santa maria-RS,cachoeirinha-RS,morrinhos-GO,planura-MG
casimiro de abreu-RJ,resende-RJ,cabo de santo agostinho-PE,cabo frio-RJ,marica-RJ,niteroi-RJ
castro-PR,mafra-SC,assis chateaubriand-PR,vacaria-RS,marechal candido rondon-PR,campo mourao-PR
catalao-GO,goiatuba-GO,tres lagoas-MS,caldas novas-GO,dourados-MS,itumbiara-GO
catanduva-SP,mirassol-SP,presidente epitacio-SP,birigui-SP,assis-SP,sao jose do rio preto-SP
caxias do sul-RS,blumenau-SC,ponta grossa-PR,criciuma-SC,volta redonda-RJ,rio grande-RS
cerquilho-SP,guaira-SP,sao jose do rio pardo-SP,itatiba-SP,valinhos-SP,ribeirao pires-SP
chapadao do sul-MS,lucas do rio verde-MT,luis eduardo magalhaes-BA,vilhena-RO,aracruz-ES,rio verde-GO
chapeco-SC,jaragua do sul-SC,novo hamburgo-RS,volta redonda-RJ,rio grande-RS,erechim-RS
charqueadas-RS,florianopolis-SC,sao bento do sul-SC,blumenau-SC,sao leopoldo-RS,rio do sul-SC
chopinzinho-PR,conceicao do mato dentro-MG,araquari-SC,tres rios-RJ,mandaguari-PR,varginha-MG
cianorte-PR,fraiburgo-SC,maringa-PR,paracatu-MG,campo mourao-PR,guarapuava-PR
coari-AM,niquelandia-GO,santa helena de goias-GO,itaberai-GO,navirai-MS,buritis-MG
colatina-ES,cachoeiro de itapemirim-ES,serra-ES,indaial-SC,cornelio procopio-PR,mineiros-GO
conceicao do mato dentro-MG,araquari-SC,varginha-MG,chopinzinho-PR,mandaguari-PR,jacarezinho-PR
concordia-SC,medianeira-PR,montenegro-RS,santo angelo-RS,xaxim-SC,dom pedrito-RS
congonhas-MG,sao leopoldo-RS,pocos de caldas-MG,barra mansa-RJ,volta redonda-RJ,guaiba-RS
contagem-MG,betim-MG,timoteo-MG,cambe-PR,palhoca-SC,vespasiano-MG
cordeiropolis-SP,sao caetano do sul-SP,sao sebastiao-SP,santo andre-SP,presidente epitacio-SP,cerquilho-SP
cornelio procopio-PR,gaspar-SC,campo bom-RS,cruz alta-RS,brusque-SC,indaial-SC
corumba-MS,vila velha-ES,palmas-TO,porto velho-RO,boa vista-RR,itumbiara-GO
coxim-MS,dourados-MS,boa vista-RR,gurupi-TO,tres lagoas-MS,caiaponia-GO
criciuma-SC,lages-SC,caxias do sul-RS,novo hamburgo-RS,passo fundo-RS,erechim-RS
cristalina-GO,primavera do leste-MT,caldas novas-GO,campo mourao-PR,maringa-PR,guarapuava-PR
crixas-GO,senador canedo-GO,piracanjuba-GO,itumbiara-GO,maracanau-CE,imperatriz-MA
cruz alta-RS,sete lagoas-MG,lages-SC,campo bom-RS,paranavai-PR,tubarao-SC
cruzeiro-SP,lencois paulista-SP,mococa-SP,guaruja-SP,sao roque-SP,caraguatatuba-SP
cuiaba-MT,porto velho-RO,palmas-TO,imperatriz-MA,varzea grande-MT,lauro de freitas-BA
curitiba-PR,porto alegre-RS,florianopolis-SC,joinville-SC,belo horizonte-MG,londrina-PR
curitibanos-SC,sao bento do sul-SC,erechim-RS,carazinho-RS,passo fundo-RS,pocos de caldas-MG
diadema-SP,embu das artes-SP,avare-SP,salto-SP,sao joao da boa vista-SP,pirassununga-SP
dionisio cerqueira-SC,francisco beltrao-PR,mandaguari-PR,umuarama-PR,pomerode-SC,lavras-MG
divinopolis-MG,pouso alegre-MG,tres coracoes-MG,jacarezinho-PR,timbo-SC,osorio-RS
dom pedrito-RS,medianeira-PR,concordia-SC,santa vitoria do palmar-RS,xaxim-SC,venancio aires-RS
dourados-MS,tres lagoas-MS,ponta pora-MS,gurupi-TO,nova andradina-MS,palmas-TO
dracena-SP,batatais-SP,capivari-SP,santa cruz do rio pardo-SP,olimpia-SP,orlandia-SP
duque de caxias-RJ,gravatai-RS,canoas-RS,juiz de fora-MG,camacari-BA,petropolis-RJ
embu das artes-SP,maua-SP,suzano-SP,salto-SP,varzea paulista-SP,diadema-SP
encantado-RS,sao miguel do oeste-SC,panambi-RS,itaqui-RS,santo angelo-RS,cabedelo-PB
erechim-RS,chapeco-SC,sao bento do sul-SC,criciuma-SC,carazinho-RS,passo fundo-RS
espirito santo do pinhal-SP,pederneiras-SP,mogi mirim-SP,monte alto-SP,botucatu-SP,caraguatatuba-SP
estancia velha-RS,saquarema-RJ,teresopolis-RJ,imbituba-SC,campina grande do sul-PR,marica-RJ
esteio-RS,rio grande-RS,biguacu-SC,ijui-RS,novo hamburgo-RS,sao jose-SC
farroupilha-RS,venancio aires-RS,cachoeira do sul-RS,santa rosa-RS,rio grande-RS,ijui-RS
fernandopolis-SP,franca-SP,marilia-SP,nova odessa-SP,bebedouro-SP,lins-SP
florianopolis-SC,joinville-SC,blumenau-SC,juiz de fora-MG,jaragua do sul-SC,barra mansa-RJ
foz do iguacu-PR,guarapuava-PR,joinville-SC,umuarama-PR,balneario camboriu-SC,pinhais-PR
fraiburgo-SC,paracatu-MG,umuarama-PR,videira-SC,cianorte-PR,campo mourao-PR
franca-SP,marilia-SP,nova odessa-SP,bebedouro-SP,fernandopolis-SP,americana-SP
francisco beltrao-PR,tres rios-RJ,mandaguari-PR,icara-SC,pomerode-SC,maringa-PR
fronteira-MG,curitibanos-SC,bento goncalves-RS,niquelandia-GO,passo fundo-RS,cambe-PR
frutal-MG,joao pinheiro-MG,panambi-RS,patos de minas-MG,cachoeira do sul-RS,ituiutaba-MG
gaspar-SC,cornelio procopio-PR,tubarao-SC,lages-SC,campo bom-RS,cruz alta-RS
goiania-GO,manaus-AM,cuiaba-MT,belo horizonte-MG,uberlandia-MG,palmas-TO
goiatuba-GO,itumbiara-GO,catalao-GO,biguacu-SC,caldas novas-GO,timbo-SC
gramado-RS,irati-PR,cachoeira do sul-RS,santa rosa-RS,patos de minas-MG,itabira-MG
gravatai-RS,itabira-MG,canoas-RS,duque de caxias-RJ,palhoca-SC,rio grande-RS
guaiba-RS,sao leopoldo-RS,sapiranga-RS,capao da canoa-RS,canoas-RS,barra mansa-RJ
guaira-SP,cerquilho-SP,sao joaquim da barra-SP,itatiba-SP,valinhos-SP,sao jose do rio pardo-SP
guarapuava-PR,campo mourao-PR,umuarama-PR,ijui-RS,foz do iguacu-PR,londrina-PR
guaratingueta-SP,santos-SP,aruja-SP,botucatu-SP,itapetininga-SP,caraguatatuba-SP
guaruja-SP,sao roque-SP,mairinque-SP,botucatu-SP,cruzeiro-SP,santos-SP
guarulhos-SP,diadema-SP,avare-SP,sao joao da boa vista-SP,atibaia-SP,santos-SP
guaxupe-MG,pato branco-PR,videira-SC,mafra-SC,igrejinha-RS,chapeco-SC
gurupi-TO,rondonopolis-MT,nova andradina-MS,jatai-GO,dourados-MS,quirinopolis-GO
hortolandia-SP,sumare-SP,agudos-SP,jaboticabal-SP,registro-SP,mogi guacu-SP
ibipora-PR,arcos-MG,itajuba-MG,indaial-SC,sao francisco do sul-SC,canoinhas-SC
icara-SC,ijui-RS,tres coracoes-MG,igrejinha-RS,biguacu-SC,vacaria-RS
igrejinha-RS,timbo-SC,tres coracoes-MG,chapeco-SC,biguacu-SC,rio grande-RS
ijui-RS,icara-SC,vacaria-RS,guarapuava-PR,rio grande-RS,cachoeira do sul-RS
ilha comprida-SP,barueri-SP,cajamar-SP,vinhedo-SP,sao caetano do sul-SP,osasco-SP
imbituba-SC,teresopolis-RJ,saquarema-RJ,nova friburgo-RJ,petropolis-RJ,barra mansa-RJ
imperatriz-MA,maraba-PA,itumbiara-GO,porto velho-RO,crixas-GO,cuiaba-MT
indaial-SC,cornelio procopio-PR,campo bom-RS,canoinhas-SC,itajuba-MG,arcos-MG
indaiatuba-SP,limeira-SP,araraquara-SP,itu-SP,itatiba-SP,tatui-SP
ipatinga-MG,pouso alegre-MG,palhoca-SC,cambe-PR,passo fundo-RS,itabira-MG
irati-PR,uba-MG,itabira-MG,cambe-PR,araguari-MG,divinopolis-MG
itaberai-GO,santa helena de goias-GO,rondonopolis-MT,quirinopolis-GO,gurupi-TO,corumba-MS
itabira-MG,cambe-PR,palhoca-SC,gravatai-RS,pouso alegre-MG,rio grande-RS
itabirito-MG,sarzedo-MG,araxa-MG,ouro preto-MG,contagem-MG,marica-RJ
itaborai-RJ,niteroi-RJ,duque de caxias-RJ,gravatai-RS,teresopolis-RJ,queimados-RJ
itaguai-RJ,paranagua-PR,esteio-RS,timbo-SC,santa cruz do sul-RS,itajai-SC
itajai-SC,macae-RJ,volta redonda-RJ,jaragua do sul-SC,canoas-RS,sao jose-SC
itajuba-MG,canoinhas-SC,navegantes-SC,tubarao-SC,paranavai-PR,patrocinio-MG
itapetininga-SP,caraguatatuba-SP,araraquara-SP,assis-SP,americana-SP,mogi das cruzes-SP
itapevi-SP,poa-SP,salto-SP,olimpia-SP,sumare-SP,jaboticabal-SP
itapira-SP,matao-SP,itatiba-SP,valinhos-SP,limeira-SP,indaiatuba-SP
itapoa-SC,pinhais-PR,rolandia-PR,foz do iguacu-PR,tres rios-RJ,campina grande do sul-PR
itapolis-SP,leme-SP,pedreira-SP,santa isabel-SP,andradina-SP,jaboticabal-SP
itaqui-RS,gramado-RS,encantado-RS,santa rosa-RS,panambi-RS,sete lagoas-MG
itatiba-SP,valinhos-SP,limeira-SP,itapira-SP,indaiatuba-SP,matao-SP
itauna-MG,carazinho-RS,novo hamburgo-RS,palhoca-SC,erechim-RS,chapeco-SC
itu-SP,araraquara-SP,indaiatuba-SP,limeira-SP,araras-SP,andradina-SP
ituiutaba-MG,sao luiz gonzaga-RS,unai-MG,patos de minas-MG,cachoeira do sul-RS,santa vitoria-MG
itumbiara-GO,senador canedo-GO,maracanau-CE,altamira-PA,goiatuba-GO,imperatriz-MA
iturama-MG,luis eduardo magalhaes-BA,jaciara-MT,santa vitoria-MG,rio verde-GO,lucas do rio verde-MT
ituverava-SP,capivari-SP,adamantina-SP,pedreira-SP,votorantim-SP,santa cruz do rio pardo-SP
jaboticabal-SP,mogi guacu-SP,monte alto-SP,registro-SP,araras-SP,sumare-SP
jacarei-SP,pindamonhangaba-SP,cacapava-SP,sao roque-SP,tatui-SP,mogi das cruzes-SP
jacarezinho-PR,tres coracoes-MG,divinopolis-MG,varginha-MG,vacaria-RS,pouso alegre-MG
jaciara-MT,barra do garcas-MT,oriximina-PA,maraba-PA,pimenta bueno-RO,vilhena-RO
jaguariaiva-PR,lavras-MG,carazinho-RS,umuarama-PR,unai-MG,patos de minas-MG
jales-SP,orlandia-SP,catanduva-SP,aracatuba-SP,presidente epitacio-SP,assis-SP
jandira-SP,caieiras-SP,suzano-SP,taboao da serra-SP,embu das artes-SP,olimpia-SP
jaragua do sul-SC,chapeco-SC,blumenau-SC,volta redonda-RJ,novo hamburgo-RS,rio grande-RS
jarinu-SP,mogi mirim-SP,araras-SP,jacarei-SP,tatui-SP,pederneiras-SP
jatai-GO,nova andradina-MS,barra do garcas-MT,gurupi-TO,tres lagoas-MS,rondonopolis-MT
jau-SP,assis-SP,bauru-SP,ourinhos-SP,lins-SP,presidente prudente-SP
joao pinheiro-MG,frutal-MG,para de minas-MG,panambi-RS,dom pedrito-RS,cachoeira do sul-RS
joinville-SC,florianopolis-SC,blumenau-SC,jaragua do sul-SC,juiz de fora-MG,ponta grossa-PR
juiz de fora-MG,volta redonda-RJ,barra mansa-RJ,ponta grossa-PR,novo hamburgo-RS,canoas-RS
jundiai-SP,osasco-SP,indaiatuba-SP,sao caetano do sul-SP,sorocaba-SP,piracicaba-SP
lages-SC,tubarao-SC,criciuma-SC,sete lagoas-MG,ponta grossa-PR,balneario camboriu-SC
lagoa da prata-MG,teresopolis-RJ,estancia velha-RS,nova friburgo-RJ,imbituba-SC,petropolis-RJ
lajeado-RS,planura-MG,santa vitoria-MG,toledo-PR,ituiutaba-MG,campina verde-MG
lauro de freitas-BA,itumbiara-GO,maracanau-CE,porto velho-RO,imperatriz-MA,cuiaba-MT
lavras-MG,umuarama-PR,jaguariaiva-PR,divinopolis-MG,timbo-SC,pouso alegre-MG
leme-SP,itapolis-SP,santa isabel-SP,pedreira-SP,sao manuel-SP,votorantim-SP
lencois paulista-SP,cruzeiro-SP,mococa-SP,caraguatatuba-SP,sao roque-SP,mogi mirim-SP
limeira-SP,indaiatuba-SP,itatiba-SP,itu-SP,araraquara-SP,itapira-SP
linhares-ES,rio verde-GO,vilhena-RO,tres lagoas-MS,tangara da serra-MT,barra do garcas-MT
lins-SP,itapira-SP,ourinhos-SP,nova odessa-SP,matao-SP,pederneiras-SP
londrina-PR,jaragua do sul-SC,chapeco-SC,guarapuava-PR,novo hamburgo-RS,joinville-SC
lucas do rio verde-MT,vilhena-RO,aparecida do taboado-MS,luis eduardo magalhaes-BA,rio verde-GO,linhares-ES
luis eduardo magalhaes-BA,lucas do rio verde-MT,iturama-MG,vilhena-RO,rio verde-GO,jaciara-MT
macae-RJ,itajai-SC,volta redonda-RJ,campos dos goytacazes-RJ,gravatai-RS,camacari-BA
mafra-SC,videira-SC,guaxupe-MG,pato branco-PR,guarapuava-PR,campo mourao-PR
mairinque-SP,botucatu-SP,guaruja-SP,registro-SP,cacapava-SP,araras-SP
manaus-AM,goiania-GO,cuiaba-MT,porto velho-RO,palmas-TO,varzea grande-MT
mandaguari-PR,rolandia-PR,varginha-MG,tres rios-RJ,lavras-MG,santa cruz do sul-RS
maraba-PA,barra do garcas-MT,imperatriz-MA,nova andradina-MS,rio verde-GO,tangara da serra-MT
maracaju-MS,jaciara-MT,pimenta bueno-RO,vilhena-RO,lucas do rio verde-MT,luis eduardo magalhaes-BA
maracanau-CE,senador canedo-GO,altamira-PA,itumbiara-GO,crixas-GO,tucurui-PA
marechal candido rondon-PR,vacaria-RS,araguari-MG,tres coracoes-MG,jacarezinho-PR,ijui-RS
mariana-MG,macae-RJ,bento goncalves-RS,carazinho-RS,itabira-MG,erechim-RS
marica-RJ,araxa-MG,saquarema-RJ,gravatai-RS,duque de caxias-RJ,camacari-BA
marilia-SP,franca-SP,nova odessa-SP,registro-SP,sumare-SP,bebedouro-SP
maringa-PR,foz do iguacu-PR,londrina-PR,paracatu-MG,telemaco borba-PR,guarapuava-PR
matao-SP,valinhos-SP,itapira-SP,itatiba-SP,taboao da serra-SP,itu-SP
maua-SP,embu das artes-SP,suzano-SP,braganca paulista-SP,pindamonhangaba-SP,nova odessa-SP
medianeira-PR,concordia-SC,dom pedrito-RS,santo angelo-RS,montenegro-RS,xaxim-SC
miguelopolis-SP,barretos-SP,aracatuba-SP,jales-SP,birigui-SP,ourinhos-SP
minacu-GO,aparecida do taboado-MS,lucas do rio verde-MT,luis eduardo magalhaes-BA,vilhena-RO,oriximina-PA
mineiros-GO,sinop-MT,corumba-MS,camaqua-RS,rio verde-GO,jatai-GO
mirassol-SP,birigui-SP,catanduva-SP,assis-SP,sao jose do rio preto-SP,presidente epitacio-SP
mococa-SP,cruzeiro-SP,lencois paulista-SP,caraguatatuba-SP,guaruja-SP,espirito santo do pinhal-SP
mogi das cruzes-SP,caraguatatuba-SP,araraquara-SP,pindamonhangaba-SP,braganca paulista-SP,americana-SP
mogi guacu-SP,jaboticabal-SP,monte alto-SP,sumare-SP,araras-SP,cananeia-SP
mogi mirim-SP,monte alto-SP,araras-SP,tatui-SP,caraguatatuba-SP,espirito santo do pinhal-SP
monte alto-SP,mogi guacu-SP,jaboticabal-SP,araras-SP,mogi mirim-SP,registro-SP
monte carmelo-MG,canoinhas-SC,patrocinio-MG,santa vitoria do palmar-RS,camaqua-RS,araguari-MG
monte mor-SP,sumare-SP,tatui-SP,jaboticabal-SP,sao bernardo do campo-SP,araras-SP
montenegro-RS,santo angelo-RS,araucaria-PR,venancio aires-RS,chapeco-SC,rio grande-RS
morrinhos-GO,santa maria-RS,cachoeirinha-RS,toledo-PR,campo grande-MS,cascavel-PR
mossoro-RN,vila velha-ES,aracaju-SE,palmas-TO,cachoeiro de itapemirim-ES,natal-RN
nao-me-toque-RS,bento goncalves-RS,concordia-SC,montenegro-RS,xaxim-SC,curitibanos-SC
natal-RN,aracaju-SE,vila velha-ES,recife-PE,anapolis-GO,lauro de freitas-BA
navegantes-SC,santa cruz do sul-RS,tubarao-SC,itajuba-MG,angra dos reis-RJ,sao jose-SC
navirai-MS,ponta pora-MS,jatai-GO,dourados-MS,quirinopolis-GO,nova andradina-MS
niquelandia-GO,santa helena de goias-GO,quirinopolis-GO,santa maria de jetiba-ES,navirai-MS,sao luiz gonzaga-RS
niteroi-RJ,itaborai-RJ,teresopolis-RJ,duque de caxias-RJ,petropolis-RJ,estancia velha-RS
nova andradina-MS,barra do garcas-MT,gurupi-TO,jatai-GO,rondonopolis-MT,tres lagoas-MS
nova friburgo-RJ,imbituba-SC,teresopolis-RJ,sao jose-SC,angra dos reis-RJ,petropolis-RJ
nova lima-MG,itajai-SC,cabo frio-RJ,macae-RJ,campos dos goytacazes-RJ,resende-RJ
nova odessa-SP,marilia-SP,poa-SP,franca-SP,bebedouro-SP,salto-SP
novo hamburgo-RS,volta redonda-RJ,rio grande-RS,sao jose-SC,canoas-RS,chapeco-SC
novo horizonte-SP,aparecida-SP,amparo-SP,rio claro-SP,sertaozinho-SP,sao carlos-SP
olimpia-SP,varzea paulista-SP,salto-SP,batatais-SP,poa-SP,itapevi-SP
oriximina-PA,jaciara-MT,maraba-PA,barra do garcas-MT,luis eduardo magalhaes-BA,vilhena-RO
orlandia-SP,santa cruz do rio pardo-SP,jales-SP,capivari-SP,jaboticabal-SP,bebedouro-SP
osasco-SP,sao bernardo do campo-SP,pindamonhangaba-SP,americana-SP,jacarei-SP,salto-SP
osorio-RS,vespasiano-MG,timoteo-MG,timbo-SC,tres coracoes-MG,itabira-MG
ourilandia do norte-PA,cabo de santo agostinho-PE,boa vista-RR,corumba-MS,araxa-MG,imbituba-SC
ourinhos-SP,assis-SP,bauru-SP,birigui-SP,lins-SP,presidente prudente-SP
ouro preto-MG,betim-MG,macae-RJ,contagem-MG,itabira-MG,marica-RJ
palhoca-SC,cambe-PR,itauna-MG,novo hamburgo-RS,itabira-MG,sao jose-SC
palmas-TO,aracaju-SE,anapolis-GO,varzea grande-MT,vila velha-ES,cuiaba-MT
palmeira das missoes-RS,encantado-RS,panambi-RS,guaiba-RS,itaqui-RS,sao miguel do oeste-SC
palmitos-SC,veranopolis-RS,xanxere-SC,ampere-PR,nao-me-toque-RS,pato branco-PR
panambi-RS,santo angelo-RS,erechim-RS,santa rosa-RS,sete lagoas-MG,campo mourao-PR
para de minas-MG,santa rosa-RS,guaiba-RS,sao leopoldo-RS,sao bento do sul-SC,joao pinheiro-MG
paracatu-MG,videira-SC,fraiburgo-SC,umuarama-PR,guarapuava-PR,campo mourao-PR
paraguacu paulista-SP,espirito santo do pinhal-SP,guaratingueta-SP,botucatu-SP,pederneiras-SP,mogi mirim-SP
paranagua-PR,novo hamburgo-RS,canoas-RS,sao jose-SC,timbo-SC,volta redonda-RJ
paranaiba-MS,nova andradina-MS,jatai-GO,ponta pora-MS,tangara da serra-MT,gurupi-TO
paranapanema-SP,dracena-SP,aracatuba-SP,barretos-SP,capivari-SP,batatais-SP
paranavai-PR,patrocinio-MG,canoinhas-SC,cruz alta-RS,itajuba-MG,guarapuava-PR
parauapebas-PA,catalao-GO,aracruz-ES,tres lagoas-MS,campos dos goytacazes-RJ,macae-RJ
passo fundo-RS,sao jose-SC,novo hamburgo-RS,criciuma-SC,volta redonda-RJ,rio grande-RS
pato branco-PR,guaxupe-MG,erechim-RS,videira-SC,sao bento do sul-SC,mafra-SC
patos de minas-MG,uberaba-MG,cachoeira do sul-RS,ituiutaba-MG,cambe-PR,ijui-RS
patrocinio-MG,paranavai-PR,canoinhas-SC,ipatinga-MG,tres coracoes-MG,lages-SC
pederneiras-SP,espirito santo do pinhal-SP,registro-SP,monte alto-SP,sumare-SP,jaboticabal-SP
pedreira-SP,jaboticabal-SP,sao roque-SP,atibaia-SP,pindamonhangaba-SP,votorantim-SP
pereira barreto-SP,santa rosa de viterbo-SP,santo andre-SP,guarulhos-SP,boituva-SP,diadema-SP
petropolis-RJ,teresopolis-RJ,imbituba-SC,duque de caxias-RJ,saquarema-RJ,barra mansa-RJ
pimenta bueno-RO,tangara da serra-MT,barra do garcas-MT,nova andradina-MS,jatai-GO,maraba-PA
pindamonhangaba-SP,tatui-SP,jacarei-SP,americana-SP,caraguatatuba-SP,araraquara-SP
pinhais-PR,foz do iguacu-PR,santa cruz do sul-RS,itaguai-RJ,esteio-RS,umuarama-PR
pinhao-PR,bom jesus de goias-GO,assis chateaubriand-PR,castro-PR,francisco beltrao-PR,pomerode-SC
piracanjuba-GO,crixas-GO,itumbiara-GO,senador canedo-GO,altamira-PA,imperatriz-MA
piracicaba-SP,mogi das cruzes-SP,americana-SP,ribeirao preto-SP,botucatu-SP,salto-SP
pirassununga-SP,sao manuel-SP,sao joao da boa vista-SP,atibaia-SP,pindamonhangaba-SP,boituva-SP
pitangueiras-SP,santa fe do sul-SP,sao joaquim da barra-SP,bertioga-SP,vargem grande paulista-SP,guaira-SP
piuma-ES,itaberai-GO,pimenta bueno-RO,tangara da serra-MT,maraba-PA,santa helena de goias-GO
planura-MG,lajeado-RS,toledo-PR,cachoeirinha-RS,santa maria-RS,campina verde-MG
poa-SP,itapevi-SP,varzea paulista-SP,sumare-SP,olimpia-SP,nova odessa-SP
pocos de caldas-MG,sao bento do sul-SC,erechim-RS,criciuma-SC,caxias do sul-RS,barra mansa-RJ
pomerode-SC,videira-SC,mafra-SC,francisco beltrao-PR,guaxupe-MG,maringa-PR
ponta grossa-PR,caxias do sul-RS,lages-SC,juiz de fora-MG,passo fundo-RS,criciuma-SC
ponta pora-MS,dourados-MS,navirai-MS,primavera do leste-MT,gurupi-TO,catalao-GO
porto alegre-RS,belo horizonte-MG,juiz de fora-MG,caxias do sul-RS,ponta grossa-PR,curitiba-PR
porto feliz-SP,jacarei-SP,pindamonhangaba-SP,cacapava-SP,tatui-SP,salto-SP
porto velho-RO,cuiaba-MT,tucurui-PA,imperatriz-MA,maracanau-CE,palmas-TO
pouso alegre-MG,divinopolis-MG,uba-MG,biguacu-SC,ipatinga-MG,timbo-SC
presidente epitacio-SP,mirassol-SP,catanduva-SP,assis-SP,aruja-SP,americana-SP
presidente prudente-SP,sao jose do rio preto-SP,assis-SP,birigui-SP,mirassol-SP,ourinhos-SP
primavera do leste-MT,aracruz-ES,ponta pora-MS,dourados-MS,caldas novas-GO,catalao-GO
queimados-RJ,itaborai-RJ,venancio aires-RS,gravatai-RS,chapeco-SC,timbo-SC
quirinopolis-GO,rondonopolis-MT,santa helena de goias-GO,varzea grande-MT,gurupi-TO,itumbiara-GO
recife-PE,natal-RN,aracaju-SE,vila velha-ES,petropolis-RJ,vitoria-ES
registro-SP,araras-SP,jaboticabal-SP,botucatu-SP,andradina-SP,araraquara-SP
resende-RJ,itaguai-RJ,estancia velha-RS,campina grande do sul-PR,marica-RJ,itajai-SC
ribeirao pires-SP,taboao da serra-SP,limeira-SP,itatiba-SP,suzano-SP,itu-SP
ribeirao preto-SP,mogi das cruzes-SP,campinas-SP,araraquara-SP,sorocaba-SP,piracicaba-SP
rio bonito-RJ,unai-MG,seropedica-RJ,gravatai-RS,irati-PR,timoteo-MG
rio claro-SP,amparo-SP,novo horizonte-SP,aparecida-SP,sertaozinho-SP,sao carlos-SP
rio das ostras-RJ,macae-RJ,campos dos goytacazes-RJ,itajai-SC,sao jose dos pinhais-PR,congonhas-MG
rio de janeiro-RJ,brasilia-DF,curitiba-PR,belo horizonte-MG,porto alegre-RS,goiania-GO
rio do sul-SC,charqueadas-RS,brusque-SC,cacador-SC,xangri-la-RS,florianopolis-SC
rio grande-RS,novo hamburgo-RS,canoas-RS,volta redonda-RJ,santa rosa-RS,chapeco-SC
rio verde-GO,tres lagoas-MS,nova andradina-MS,barra do garcas-MT,dourados-MS,tangara da serra-MT
rolandia-PR,mandaguari-PR,tres rios-RJ,pinhais-PR,foz do iguacu-PR,santa cruz do sul-RS
rondonopolis-MT,gurupi-TO,quirinopolis-GO,varzea grande-MT,nova andradina-MS,jatai-GO
rosana-SP,mogi guacu-SP,batatais-SP,poa-SP,cananeia-SP,itapevi-SP
salto-SP,sumare-SP,itapevi-SP,olimpia-SP,registro-SP,embu das artes-SP
santa cruz do rio pardo-SP,jaboticabal-SP,cananeia-SP,capivari-SP,mogi guacu-SP,monte alto-SP
santa cruz do sul-RS,navegantes-SC,itaguai-RJ,guarapuava-PR,esteio-RS,foz do iguacu-PR
santa fe do sul-SP,pitangueiras-SP,bertioga-SP,sao joaquim da barra-SP,guaira-SP,vargem grande paulista-SP
santa helena de goias-GO,quirinopolis-GO,itaberai-GO,rondonopolis-MT,niquelandia-GO,gurupi-TO
santa isabel-SP,pedreira-SP,leme-SP,itapolis-SP,votorantim-SP,cananeia-SP
santa maria-RS,cachoeirinha-RS,morrinhos-GO,cascavel-PR,toledo-PR,planura-MG
santa maria de jetiba-ES,gurupi-TO,quirinopolis-GO,imperatriz-MA,rondonopolis-MT,niquelandia-GO
santa rosa-RS,rio grande-RS,cachoeira do sul-RS,sao bento do sul-SC,farroupilha-RS,sao leopoldo-RS
santa rosa de viterbo-SP,boituva-SP,avare-SP,itu-SP,andradina-SP,registro-SP
santa vitoria-MG,ituiutaba-MG,patos de minas-MG,jatai-GO,lajeado-RS,sao luiz gonzaga-RS
santa vitoria do palmar-RS,cachoeira do sul-RS,araguari-MG,vacaria-RS,ituiutaba-MG,marechal candido rondon-PR
santana de parnaiba-SP,valinhos-SP,aruja-SP,presidente prudente-SP,mirassol-SP,itatiba-SP
santo andre-SP,presidente epitacio-SP,cacapava-SP,aruja-SP,itapetininga-SP,sao jose dos campos-SP
santo angelo-RS,panambi-RS,montenegro-RS,erechim-RS,chapeco-SC,venancio aires-RS
santos-SP,sao roque-SP,guaratingueta-SP,guaruja-SP,cacapava-SP,sao joao da boa vista-SP
sao bento do sul-SC,erechim-RS,pocos de caldas-MG,criciuma-SC,caxias do sul-RS,santa rosa-RS
sao bernardo do campo-SP,osasco-SP,sumare-SP,mogi das cruzes-SP,pindamonhangaba-SP,salto-SP
sao borja-RS,ijui-RS,xaxim-SC,vacaria-RS,ituiutaba-MG,campo mourao-PR
sao caetano do sul-SP,vinhedo-SP,jundiai-SP,osasco-SP,americana-SP,indaiatuba-SP
sao carlos-SP,avare-SP,santa rosa de viterbo-SP,santo andre-SP,cacapava-SP,maua-SP
sao francisco do sul-SC,navegantes-SC,itajuba-MG,arcos-MG,ibipora-PR,canoinhas-SC
sao gabriel do oeste-MS,jatai-GO,barra do bugres-MT,pimenta bueno-RO,paranaiba-MS,gurupi-TO
sao joao da boa vista-SP,sao roque-SP,atibaia-SP,avare-SP,pindamonhangaba-SP,pirassununga-SP
sao joaquim da barra-SP,itapira-SP,vargem grande paulista-SP,jandira-SP,caieiras-SP,matao-SP
sao jose-SC,volta redonda-RJ,novo hamburgo-RS,canoas-RS,passo fundo-RS,rio grande-RS
sao jose do rio pardo-SP,lins-SP,itatiba-SP,itapira-SP,valinhos-SP,matao-SP
sao jose do rio preto-SP,birigui-SP,presidente prudente-SP,bauru-SP,mirassol-SP,assis-SP
sao jose dos campos-SP,sorocaba-SP,jacarei-SP,ribeirao preto-SP,mogi das cruzes-SP,campinas-SP
sao jose dos pinhais-PR,queimados-RJ,macae-RJ,venancio aires-RS,rio das ostras-RJ,itaborai-RJ
sao leopoldo-RS,barra mansa-RJ,guaiba-RS,canoas-RS,capao da canoa-RS,volta redonda-RJ
sao luis-MA,aracaju-SE,tangara da serra-MT,natal-RN,mossoro-RN,anapolis-GO
sao luiz gonzaga-RS,ituiutaba-MG,jatai-GO,unai-MG,cachoeira do sul-RS,quirinopolis-GO
sao manuel-SP,pirassununga-SP,sao joao da boa vista-SP,atibaia-SP,andradina-SP,pedreira-SP
sao miguel do oeste-SC,encantado-RS,paracatu-MG,montenegro-RS,santo angelo-RS,panambi-RS
sao paulo-SP,rio de janeiro-RJ,campinas-SP,sao jose dos campos-SP,guarulhos-SP,ribeirao preto-SP
sao roque-SP,caraguatatuba-SP,sao joao da boa vista-SP,pindamonhangaba-SP,araraquara-SP,guaruja-SP
sao sebastiao-SP,cordeiropolis-SP,porto feliz-SP,monte mor-SP,sao jose dos campos-SP,pirassununga-SP
sao sepe-RS,farroupilha-RS,santa rosa-RS,venancio aires-RS,castro-PR,cachoeira do sul-RS
sao simao-GO,santa vitoria do palmar-RS,coxim-MS,monte carmelo-MG,marechal candido rondon-PR,caiaponia-GO
sapiranga-RS,guaiba-RS,palhoca-SC,cambe-PR,capao da canoa-RS,gravatai-RS
saquarema-RJ,imbituba-SC,teresopolis-RJ,estancia velha-RS,sao jose-SC,araxa-MG
sarzedo-MG,contagem-MG,senador canedo-GO,maracanau-CE,vespasiano-MG,timoteo-MG
senador canedo-GO,maracanau-CE,altamira-PA,crixas-GO,itumbiara-GO,piracanjuba-GO
seropedica-RJ,contagem-MG,araxa-MG,timoteo-MG,gravatai-RS,sapiranga-RS
serra-ES,cachoeiro de itapemirim-ES,vila velha-ES,angra dos reis-RJ,navegantes-SC,corumba-MS
sertaozinho-SP,amparo-SP,novo horizonte-SP,aparecida-SP,rio claro-SP,sao carlos-SP
sete lagoas-MG,lages-SC,criciuma-SC,ponta grossa-PR,caxias do sul-RS,uberaba-MG
sinop-MT,mineiros-GO,rondonopolis-MT,nova andradina-MS,gurupi-TO,barra do garcas-MT
sorocaba-SP,americana-SP,ribeirao preto-SP,mogi das cruzes-SP,indaiatuba-SP,botucatu-SP
sumare-SP,jaboticabal-SP,mogi guacu-SP,salto-SP,hortolandia-SP,araras-SP
suzano-SP,taboao da serra-SP,embu das artes-SP,maua-SP,pindamonhangaba-SP,araraquara-SP
taboao da serra-SP,suzano-SP,matao-SP,limeira-SP,araraquara-SP,itu-SP
tangara da serra-MT,barra do garcas-MT,nova andradina-MS,jatai-GO,pimenta bueno-RO,dourados-MS
tatui-SP,pindamonhangaba-SP,araras-SP,caraguatatuba-SP,indaiatuba-SP,mogi mirim-SP
telemaco borba-PR,guaxupe-MG,pato branco-PR,videira-SC,chapeco-SC,maringa-PR
teresopolis-RJ,imbituba-SC,saquarema-RJ,barra mansa-RJ,petropolis-RJ,volta redonda-RJ
timbo-SC,biguacu-SC,igrejinha-RS,tres coracoes-MG,osorio-RS,pouso alegre-MG
timoteo-MG,vespasiano-MG,osorio-RS,contagem-MG,itabira-MG,palhoca-SC
toledo-PR,cascavel-PR,santa maria-RS,cachoeirinha-RS,planura-MG,morrinhos-GO
tres coracoes-MG,divinopolis-MG,jacarezinho-PR,igrejinha-RS,timbo-SC,biguacu-SC
tres lagoas-MS,dourados-MS,nova andradina-MS,jatai-GO,rio verde-GO,catalao-GO
tres rios-RJ,francisco beltrao-PR,varginha-MG,mandaguari-PR,rolandia-PR,pinhais-PR
tubarao-SC,lages-SC,criciuma-SC,sete lagoas-MG,sao jose-SC,gaspar-SC
tucurui-PA,porto velho-RO,maracanau-CE,crixas-GO,altamira-PA,varzea grande-MT
tupa-SP,andradina-SP,araras-SP,registro-SP,monte alto-SP,jaboticabal-SP
uba-MG,pouso alegre-MG,irati-PR,divinopolis-MG,ipatinga-MG,cambe-PR
uberaba-MG,uberlandia-MG,patos de minas-MG,novo hamburgo-RS,sete lagoas-MG,volta redonda-RJ
uberlandia-MG,uberaba-MG,ipatinga-MG,ponta grossa-PR,palhoca-SC,contagem-MG
umuarama-PR,guarapuava-PR,videira-SC,paracatu-MG,fraiburgo-SC,santo angelo-RS
unai-MG,ituiutaba-MG,cambe-PR,palhoca-SC,patos de minas-MG,cachoeira do sul-RS
vacaria-RS,marechal candido rondon-PR,ijui-RS,araguari-MG,jacarezinho-PR,icara-SC
valinhos-SP,itatiba-SP,matao-SP,itapira-SP,limeira-SP,indaiatuba-SP
vargem grande paulista-SP,limeira-SP,taboao da serra-SP,sao joaquim da barra-SP,ribeirao pires-SP,caieiras-SP
varginha-MG,biguacu-SC,jacarezinho-PR,timbo-SC,pouso alegre-MG,divinopolis-MG
varzea grande-MT,rondonopolis-MT,palmas-TO,quirinopolis-GO,anapolis-GO,porto velho-RO
varzea paulista-SP,olimpia-SP,poa-SP,batatais-SP,embu das artes-SP,salto-SP
venancio aires-RS,farroupilha-RS,rio grande-RS,cachoeira do sul-RS,santo angelo-RS,montenegro-RS
veranopolis-RS,xanxere-SC,sao miguel do oeste-SC,pato branco-PR,pocos de caldas-MG,encantado-RS
vespasiano-MG,osorio-RS,timoteo-MG,contagem-MG,palhoca-SC,cambe-PR
viana-ES,buritis-MG,navirai-MS,nova andradina-MS,jatai-GO,santa helena de goias-GO
videira-SC,paracatu-MG,guaxupe-MG,mafra-SC,chapeco-SC,umuarama-PR
vila velha-ES,aracaju-SE,natal-RN,palmas-TO,anapolis-GO,mossoro-RN
vilhena-RO,lucas do rio verde-MT,barra do garcas-MT,aparecida do taboado-MS,linhares-ES,tangara da serra-MT
vinhedo-SP,sao caetano do sul-SP,osasco-SP,jundiai-SP,santos-SP,cacapava-SP
vitoria-ES,vila velha-ES,aracaju-SE,cachoeiro de itapemirim-ES,natal-RN,recife-PE
volta redonda-RJ,novo hamburgo-RS,sao jose-SC,canoas-RS,barra mansa-RJ,rio grande-RS
votorantim-SP,pedreira-SP,poa-SP,olimpia-SP,braganca paulista-SP,capivari-SP
votuporanga-SP,barretos-SP,ourinhos-SP,presidente prudente-SP,aracatuba-SP,assis-SP
xangri-la-RS,rio do sul-SC,charqueadas-RS,xanxere-SC,cacador-SC,florianopolis-SC
xanxere-SC,veranopolis-RS,cacador-SC,mafra-SC,acreuna-GO,charqueadas-RS
xaxim-SC,santo angelo-RS,sao borja-RS,venancio aires-RS,umuarama-PR,guarapuava-PR
